1,21.06.2018 07:30,S
1,21.06.2018 08:30,S
1,21.06.2018 16:27,S
1,21.06.2018 17:27,S
1,21.06.2018 18:27,S
1,21.06.2018 05:31,S3
1,21.06.2018 06:01,S3
1,21.06.2018 06:31,S3
1,21.06.2018 05:56,S3
1,21.06.2018 07:01,S3
1,21.06.2018 06:26,S3
1,21.06.2018 07:31,S3
1,21.06.2018 06:56,S3
1,21.06.2018 08:01,S3
1,21.06.2018 07:26,S3
1,21.06.2018 08:31,S3
1,21.06.2018 07:56,S3
1,21.06.2018 09:01,S3
1,21.06.2018 08:26,S3
1,21.06.2018 09:31,S3
1,21.06.2018 08:56,S3
1,21.06.2018 10:01,S3
1,21.06.2018 09:26,S3
1,21.06.2018 10:31,S3
1,21.06.2018 09:56,S3
1,21.06.2018 11:01,S3
1,21.06.2018 10:26,S3
1,21.06.2018 11:31,S3
1,21.06.2018 10:56,S3
1,21.06.2018 12:01,S3
1,21.06.2018 11:26,S3
1,21.06.2018 12:31,S3
1,21.06.2018 11:56,S3
1,21.06.2018 13:01,S3
1,21.06.2018 12:26,S3
1,21.06.2018 13:31,S3
1,21.06.2018 12:56,S3
1,21.06.2018 14:01,S3
1,21.06.2018 13:26,S3
1,21.06.2018 14:31,S3
1,21.06.2018 13:56,S3
1,21.06.2018 15:01,S3
1,21.06.2018 14:26,S3
1,21.06.2018 15:31,S3
1,21.06.2018 14:56,S3
1,21.06.2018 16:01,S3
1,21.06.2018 15:26,S3
1,21.06.2018 16:31,S3
1,21.06.2018 15:56,S3
1,21.06.2018 17:01,S3
1,21.06.2018 16:26,S3
1,21.06.2018 17:31,S3
1,21.06.2018 16:56,S3
1,21.06.2018 18:01,S3
1,21.06.2018 17:26,S3
1,21.06.2018 18:31,S3
1,21.06.2018 17:56,S3
1,21.06.2018 19:01,S3
1,21.06.2018 18:26,S3
1,21.06.2018 19:31,S3
1,21.06.2018 18:56,S3
1,21.06.2018 20:01,S3
1,21.06.2018 19:26,S3
1,21.06.2018 20:31,S3
1,21.06.2018 19:56,S3
1,21.06.2018 21:01,S3
1,21.06.2018 20:26,S3
1,21.06.2018 21:31,S3
1,21.06.2018 20:56,S3
1,21.06.2018 22:01,S3
1,21.06.2018 21:26,S3
1,21.06.2018 22:31,S3
1,21.06.2018 21:56,S3
1,21.06.2018 23:01,S3
1,21.06.2018 22:26,S3
1,21.06.2018 23:31,S3
1,21.06.2018 22:56,S3
1,22.06.2018 00:01,S3
1,21.06.2018 23:26,S3
1,21.06.2018 23:56,S3
1,21.06.2018 05:41,S5
1,21.06.2018 05:47,S5
1,21.06.2018 06:11,S5
1,21.06.2018 06:18,S5
1,21.06.2018 06:41,S5
1,21.06.2018 06:48,S5
1,21.06.2018 07:11,S5
1,21.06.2018 07:18,S5
1,21.06.2018 07:41,S5
1,21.06.2018 07:48,S5
1,21.06.2018 08:11,S5
1,21.06.2018 08:18,S5
1,21.06.2018 08:41,S5
1,21.06.2018 08:48,S5
1,21.06.2018 09:11,S5
1,21.06.2018 09:18,S5
1,21.06.2018 09:41,S5
1,21.06.2018 09:48,S5
1,21.06.2018 10:11,S5
1,21.06.2018 10:18,S5
1,21.06.2018 10:41,S5
1,21.06.2018 10:48,S5
1,21.06.2018 11:11,S5
1,21.06.2018 11:18,S5
1,21.06.2018 11:41,S5
1,21.06.2018 11:48,S5
1,21.06.2018 12:11,S5
1,21.06.2018 12:18,S5
1,21.06.2018 12:41,S5
1,21.06.2018 12:48,S5
1,21.06.2018 13:11,S5
1,21.06.2018 13:18,S5
1,21.06.2018 13:41,S5
1,21.06.2018 13:48,S5
1,21.06.2018 14:11,S5
1,21.06.2018 14:18,S5
1,21.06.2018 14:41,S5
1,21.06.2018 14:48,S5
1,21.06.2018 15:11,S5
1,21.06.2018 15:18,S5
1,21.06.2018 15:41,S5
1,21.06.2018 15:48,S5
1,21.06.2018 16:11,S5
1,21.06.2018 16:18,S5
1,21.06.2018 16:41,S5
1,21.06.2018 16:48,S5
1,21.06.2018 17:11,S5
1,21.06.2018 17:18,S5
1,21.06.2018 17:41,S5
1,21.06.2018 17:48,S5
1,21.06.2018 18:11,S5
1,21.06.2018 18:18,S5
1,21.06.2018 18:41,S5
1,21.06.2018 18:48,S5
1,21.06.2018 19:11,S5
1,21.06.2018 19:18,S5
1,21.06.2018 19:41,S5
1,21.06.2018 19:48,S5
1,21.06.2018 20:11,S5
1,21.06.2018 20:18,S5
1,21.06.2018 20:41,S5
1,21.06.2018 20:48,S5
1,21.06.2018 21:11,S5
1,21.06.2018 21:18,S5
1,21.06.2018 21:41,S5
1,21.06.2018 21:48,S5
1,21.06.2018 22:11,S5
1,21.06.2018 22:18,S5
1,21.06.2018 22:41,S5
1,21.06.2018 22:48,S5
1,21.06.2018 23:11,S5
1,21.06.2018 23:18,S5
1,21.06.2018 23:41,S5
1,21.06.2018 23:48,S5
1,22.06.2018 00:12,S5
1,22.06.2018 00:18,S5
1,22.06.2018 00:41,S5
1,21.06.2018 05:44,S6
1,21.06.2018 06:03,S6
1,21.06.2018 06:24,S6
1,21.06.2018 06:33,S6
1,21.06.2018 06:54,S6
1,21.06.2018 07:03,S6
1,21.06.2018 07:24,S6
1,21.06.2018 07:33,S6
1,21.06.2018 07:54,S6
1,21.06.2018 08:03,S6
1,21.06.2018 08:24,S6
1,21.06.2018 08:33,S6
1,21.06.2018 08:54,S6
1,21.06.2018 09:03,S6
1,21.06.2018 09:24,S6
1,21.06.2018 09:33,S6
1,21.06.2018 09:54,S6
1,21.06.2018 10:03,S6
1,21.06.2018 10:24,S6
1,21.06.2018 10:33,S6
1,21.06.2018 10:54,S6
1,21.06.2018 11:03,S6
1,21.06.2018 11:24,S6
1,21.06.2018 11:33,S6
1,21.06.2018 11:54,S6
1,21.06.2018 12:03,S6
1,21.06.2018 12:24,S6
1,21.06.2018 12:33,S6
1,21.06.2018 12:54,S6
1,21.06.2018 13:03,S6
1,21.06.2018 13:24,S6
1,21.06.2018 13:33,S6
1,21.06.2018 13:54,S6
1,21.06.2018 14:03,S6
1,21.06.2018 14:24,S6
1,21.06.2018 14:33,S6
1,21.06.2018 14:54,S6
1,21.06.2018 15:03,S6
1,21.06.2018 15:24,S6
1,21.06.2018 15:33,S6
1,21.06.2018 15:54,S6
1,21.06.2018 16:03,S6
1,21.06.2018 16:24,S6
1,21.06.2018 16:33,S6
1,21.06.2018 16:54,S6
1,21.06.2018 17:03,S6
1,21.06.2018 17:24,S6
1,21.06.2018 17:33,S6
1,21.06.2018 17:54,S6
1,21.06.2018 18:03,S6
1,21.06.2018 18:24,S6
1,21.06.2018 18:33,S6
1,21.06.2018 18:54,S6
1,21.06.2018 19:03,S6
1,21.06.2018 19:24,S6
1,21.06.2018 19:33,S6
1,21.06.2018 19:54,S6
1,21.06.2018 20:03,S6
1,21.06.2018 20:24,S6
1,21.06.2018 20:33,S6
1,21.06.2018 20:54,S6
1,21.06.2018 21:03,S6
1,21.06.2018 21:24,S6
1,21.06.2018 21:33,S6
1,21.06.2018 21:54,S6
1,21.06.2018 22:03,S6
1,21.06.2018 22:24,S6
1,21.06.2018 22:33,S6
1,21.06.2018 22:54,S6
1,21.06.2018 23:03,S6
1,21.06.2018 23:24,S6
1,21.06.2018 23:33,S6
1,21.06.2018 23:54,S6
1,22.06.2018 00:05,S6
1,22.06.2018 00:24,S6
1,21.06.2018 05:51,S7
1,21.06.2018 05:36,S7
1,21.06.2018 06:21,S7
1,21.06.2018 06:06,S7
1,21.06.2018 06:51,S7
1,21.06.2018 06:36,S7
1,21.06.2018 07:21,S7
1,21.06.2018 07:06,S7
1,21.06.2018 07:51,S7
1,21.06.2018 07:36,S7
1,21.06.2018 08:21,S7
1,21.06.2018 08:06,S7
1,21.06.2018 08:51,S7
1,21.06.2018 08:36,S7
1,21.06.2018 09:21,S7
1,21.06.2018 09:06,S7
1,21.06.2018 09:51,S7
1,21.06.2018 09:36,S7
1,21.06.2018 10:21,S7
1,21.06.2018 10:06,S7
1,21.06.2018 10:51,S7
1,21.06.2018 10:36,S7
1,21.06.2018 11:21,S7
1,21.06.2018 11:06,S7
1,21.06.2018 11:51,S7
1,21.06.2018 11:36,S7
1,21.06.2018 12:21,S7
1,21.06.2018 12:06,S7
1,21.06.2018 12:51,S7
1,21.06.2018 12:36,S7
1,21.06.2018 13:21,S7
1,21.06.2018 13:06,S7
1,21.06.2018 13:51,S7
1,21.06.2018 13:36,S7
1,21.06.2018 14:21,S7
1,21.06.2018 14:06,S7
1,21.06.2018 14:51,S7
1,21.06.2018 14:36,S7
1,21.06.2018 15:21,S7
1,21.06.2018 15:06,S7
1,21.06.2018 15:51,S7
1,21.06.2018 15:36,S7
1,21.06.2018 16:21,S7
1,21.06.2018 16:06,S7
1,21.06.2018 16:51,S7
1,21.06.2018 16:36,S7
1,21.06.2018 17:21,S7
1,21.06.2018 17:06,S7
1,21.06.2018 17:51,S7
1,21.06.2018 17:36,S7
1,21.06.2018 18:21,S7
1,21.06.2018 18:06,S7
1,21.06.2018 18:51,S7
1,21.06.2018 18:36,S7
1,21.06.2018 19:21,S7
1,21.06.2018 19:06,S7
1,21.06.2018 19:51,S7
1,21.06.2018 19:36,S7
1,21.06.2018 20:21,S7
1,21.06.2018 20:06,S7
1,21.06.2018 20:51,S7
1,21.06.2018 20:36,S7
1,21.06.2018 21:21,S7
1,21.06.2018 21:06,S7
1,21.06.2018 21:51,S7
1,21.06.2018 21:36,S7
1,21.06.2018 22:21,S7
1,21.06.2018 22:06,S7
1,21.06.2018 22:51,S7
1,21.06.2018 22:36,S7
1,21.06.2018 23:21,S7
1,21.06.2018 23:06,S7
1,21.06.2018 23:51,S7
1,21.06.2018 23:36,S7
1,22.06.2018 00:21,S7
1,22.06.2018 00:06,S7
1,22.06.2018 00:36,S7
1,21.06.2018 05:09,S9
1,21.06.2018 05:49,S9
1,21.06.2018 06:09,S9
1,21.06.2018 06:19,S9
1,21.06.2018 06:39,S9
1,21.06.2018 06:49,S9
1,21.06.2018 07:09,S9
1,21.06.2018 07:19,S9
1,21.06.2018 07:39,S9
1,21.06.2018 07:49,S9
1,21.06.2018 08:09,S9
1,21.06.2018 08:19,S9
1,21.06.2018 08:39,S9
1,21.06.2018 08:49,S9
1,21.06.2018 09:09,S9
1,21.06.2018 09:19,S9
1,21.06.2018 09:39,S9
1,21.06.2018 09:49,S9
1,21.06.2018 10:09,S9
1,21.06.2018 10:19,S9
1,21.06.2018 10:39,S9
1,21.06.2018 10:49,S9
1,21.06.2018 11:09,S9
1,21.06.2018 11:19,S9
1,21.06.2018 11:39,S9
1,21.06.2018 11:49,S9
1,21.06.2018 12:09,S9
1,21.06.2018 12:19,S9
1,21.06.2018 12:39,S9
1,21.06.2018 12:49,S9
1,21.06.2018 13:09,S9
1,21.06.2018 13:19,S9
1,21.06.2018 13:39,S9
1,21.06.2018 13:49,S9
1,21.06.2018 14:09,S9
1,21.06.2018 14:19,S9
1,21.06.2018 14:39,S9
1,21.06.2018 14:49,S9
1,21.06.2018 15:09,S9
1,21.06.2018 15:19,S9
1,21.06.2018 15:39,S9
1,21.06.2018 15:49,S9
1,21.06.2018 16:09,S9
1,21.06.2018 16:19,S9
1,21.06.2018 16:39,S9
1,21.06.2018 16:49,S9
1,21.06.2018 17:09,S9
1,21.06.2018 17:19,S9
1,21.06.2018 17:39,S9
1,21.06.2018 17:49,S9
1,21.06.2018 18:09,S9
1,21.06.2018 18:19,S9
1,21.06.2018 18:39,S9
1,21.06.2018 18:49,S9
1,21.06.2018 19:09,S9
1,21.06.2018 19:19,S9
1,21.06.2018 19:39,S9
1,21.06.2018 19:49,S9
1,21.06.2018 20:09,S9
1,21.06.2018 20:19,S9
1,21.06.2018 20:39,S9
1,21.06.2018 20:49,S9
1,21.06.2018 21:09,S9
1,21.06.2018 21:19,S9
1,21.06.2018 21:39,S9
1,21.06.2018 21:49,S9
1,21.06.2018 22:09,S9
1,21.06.2018 22:19,S9
1,21.06.2018 22:39,S9
1,21.06.2018 22:49,S9
1,21.06.2018 23:09,S9
1,21.06.2018 23:19,S9
1,21.06.2018 23:39,S9
1,21.06.2018 23:49,S9
1,22.06.2018 00:10,S9
1,22.06.2018 00:19,S9
1,21.06.2018 06:58,S11
1,21.06.2018 07:28,S11
1,21.06.2018 07:58,S11
1,21.06.2018 08:28,S11
1,21.06.2018 16:01,S11
1,21.06.2018 16:31,S11
1,21.06.2018 17:01,S11
1,21.06.2018 17:31,S11
1,21.06.2018 18:01,S11
1,21.06.2018 18:31,S11
1,21.06.2018 04:46,S12
1,21.06.2018 05:46,S12
1,21.06.2018 05:41,S12
1,21.06.2018 06:16,S12
1,21.06.2018 06:11,S12
1,21.06.2018 06:46,S12
1,21.06.2018 06:41,S12
1,21.06.2018 07:16,S12
1,21.06.2018 07:11,S12
1,21.06.2018 07:46,S12
1,21.06.2018 07:41,S12
1,21.06.2018 08:16,S12
1,21.06.2018 08:11,S12
1,21.06.2018 08:46,S12
1,21.06.2018 08:41,S12
1,21.06.2018 09:16,S12
1,21.06.2018 09:11,S12
1,21.06.2018 09:46,S12
1,21.06.2018 09:41,S12
1,21.06.2018 10:16,S12
1,21.06.2018 10:11,S12
1,21.06.2018 10:46,S12
1,21.06.2018 10:41,S12
1,21.06.2018 11:16,S12
1,21.06.2018 11:11,S12
1,21.06.2018 11:46,S12
1,21.06.2018 11:41,S12
1,21.06.2018 12:16,S12
1,21.06.2018 12:11,S12
1,21.06.2018 12:46,S12
1,21.06.2018 12:41,S12
1,21.06.2018 13:16,S12
1,21.06.2018 13:11,S12
1,21.06.2018 13:46,S12
1,21.06.2018 13:41,S12
1,21.06.2018 14:16,S12
1,21.06.2018 14:11,S12
1,21.06.2018 14:46,S12
1,21.06.2018 14:41,S12
1,21.06.2018 15:16,S12
1,21.06.2018 15:11,S12
1,21.06.2018 15:46,S12
1,21.06.2018 15:41,S12
1,21.06.2018 16:16,S12
1,21.06.2018 16:11,S12
1,21.06.2018 16:46,S12
1,21.06.2018 16:41,S12
1,21.06.2018 17:16,S12
1,21.06.2018 17:11,S12
1,21.06.2018 17:46,S12
1,21.06.2018 17:41,S12
1,21.06.2018 18:16,S12
1,21.06.2018 18:11,S12
1,21.06.2018 18:46,S12
1,21.06.2018 18:41,S12
1,21.06.2018 19:16,S12
1,21.06.2018 19:11,S12
1,21.06.2018 19:46,S12
1,21.06.2018 19:41,S12
1,21.06.2018 20:16,S12
1,21.06.2018 20:11,S12
1,21.06.2018 20:46,S12
1,21.06.2018 20:41,S12
1,21.06.2018 21:16,S12
1,21.06.2018 21:11,S12
1,21.06.2018 21:46,S12
1,21.06.2018 21:41,S12
1,21.06.2018 22:16,S12
1,21.06.2018 22:11,S12
1,21.06.2018 22:46,S12
1,21.06.2018 22:41,S12
1,21.06.2018 23:16,S12
1,21.06.2018 23:11,S12
1,21.06.2018 23:46,S12
1,21.06.2018 23:41,S12
1,22.06.2018 00:16,S12
1,22.06.2018 00:11,S12
1,21.06.2018 06:24,S15
1,21.06.2018 06:03,S15
1,21.06.2018 06:54,S15
1,21.06.2018 06:33,S15
1,21.06.2018 07:24,S15
1,21.06.2018 07:03,S15
1,21.06.2018 07:54,S15
1,21.06.2018 07:33,S15
1,21.06.2018 08:24,S15
1,21.06.2018 08:03,S15
1,21.06.2018 08:54,S15
1,21.06.2018 08:33,S15
1,21.06.2018 09:24,S15
1,21.06.2018 09:03,S15
1,21.06.2018 09:54,S15
1,21.06.2018 09:33,S15
1,21.06.2018 10:24,S15
1,21.06.2018 10:03,S15
1,21.06.2018 10:54,S15
1,21.06.2018 10:33,S15
1,21.06.2018 11:24,S15
1,21.06.2018 11:03,S15
1,21.06.2018 11:54,S15
1,21.06.2018 11:33,S15
1,21.06.2018 12:24,S15
1,21.06.2018 12:03,S15
1,21.06.2018 12:54,S15
1,21.06.2018 12:33,S15
1,21.06.2018 13:24,S15
1,21.06.2018 13:03,S15
1,21.06.2018 13:54,S15
1,21.06.2018 13:33,S15
1,21.06.2018 14:24,S15
1,21.06.2018 14:03,S15
1,21.06.2018 14:54,S15
1,21.06.2018 14:33,S15
1,21.06.2018 15:24,S15
1,21.06.2018 15:03,S15
1,21.06.2018 15:54,S15
1,21.06.2018 15:33,S15
1,21.06.2018 16:24,S15
1,21.06.2018 16:03,S15
1,21.06.2018 16:54,S15
1,21.06.2018 16:33,S15
1,21.06.2018 17:24,S15
1,21.06.2018 17:03,S15
1,21.06.2018 17:54,S15
1,21.06.2018 17:33,S15
1,21.06.2018 18:24,S15
1,21.06.2018 18:03,S15
1,21.06.2018 18:54,S15
1,21.06.2018 18:33,S15
1,21.06.2018 19:24,S15
1,21.06.2018 19:03,S15
1,21.06.2018 19:54,S15
1,21.06.2018 19:33,S15
1,21.06.2018 20:24,S15
1,21.06.2018 20:03,S15
1,21.06.2018 20:54,S15
1,21.06.2018 20:33,S15
1,21.06.2018 21:24,S15
1,21.06.2018 21:03,S15
1,21.06.2018 21:54,S15
1,21.06.2018 21:33,S15
1,21.06.2018 22:24,S15
1,21.06.2018 22:03,S15
1,21.06.2018 22:54,S15
1,21.06.2018 22:33,S15
1,21.06.2018 23:24,S15
1,21.06.2018 23:03,S15
1,21.06.2018 23:54,S15
1,21.06.2018 23:33,S15
1,22.06.2018 00:03,S15
1,21.06.2018 05:48,S16
1,21.06.2018 06:18,S16
1,21.06.2018 06:09,S16
1,21.06.2018 06:48,S16
1,21.06.2018 06:39,S16
1,21.06.2018 07:18,S16
1,21.06.2018 07:09,S16
1,21.06.2018 07:48,S16
1,21.06.2018 07:39,S16
1,21.06.2018 08:18,S16
1,21.06.2018 08:09,S16
1,21.06.2018 08:48,S16
1,21.06.2018 08:39,S16
1,21.06.2018 09:18,S16
1,21.06.2018 09:09,S16
1,21.06.2018 09:48,S16
1,21.06.2018 09:39,S16
1,21.06.2018 10:18,S16
1,21.06.2018 10:09,S16
1,21.06.2018 10:48,S16
1,21.06.2018 10:39,S16
1,21.06.2018 11:18,S16
1,21.06.2018 11:09,S16
1,21.06.2018 11:48,S16
1,21.06.2018 11:39,S16
1,21.06.2018 12:18,S16
1,21.06.2018 12:09,S16
1,21.06.2018 12:48,S16
1,21.06.2018 12:39,S16
1,21.06.2018 13:18,S16
1,21.06.2018 13:09,S16
1,21.06.2018 13:48,S16
1,21.06.2018 13:39,S16
1,21.06.2018 14:18,S16
1,21.06.2018 14:09,S16
1,21.06.2018 14:48,S16
1,21.06.2018 14:39,S16
1,21.06.2018 15:18,S16
1,21.06.2018 15:09,S16
1,21.06.2018 15:48,S16
1,21.06.2018 15:39,S16
1,21.06.2018 16:18,S16
1,21.06.2018 16:09,S16
1,21.06.2018 16:48,S16
1,21.06.2018 16:39,S16
1,21.06.2018 17:18,S16
1,21.06.2018 17:09,S16
1,21.06.2018 17:48,S16
1,21.06.2018 17:39,S16
1,21.06.2018 18:18,S16
1,21.06.2018 18:09,S16
1,21.06.2018 18:48,S16
1,21.06.2018 18:39,S16
1,21.06.2018 19:18,S16
1,21.06.2018 19:09,S16
1,21.06.2018 19:48,S16
1,21.06.2018 19:39,S16
1,21.06.2018 20:18,S16
1,21.06.2018 20:09,S16
1,21.06.2018 20:48,S16
1,21.06.2018 20:39,S16
1,21.06.2018 21:18,S16
1,21.06.2018 21:09,S16
1,21.06.2018 21:48,S16
1,21.06.2018 21:39,S16
1,21.06.2018 22:18,S16
1,21.06.2018 22:09,S16
1,21.06.2018 22:48,S16
1,21.06.2018 22:39,S16
1,21.06.2018 23:18,S16
1,21.06.2018 23:09,S16
1,21.06.2018 23:48,S16
1,21.06.2018 23:39,S16
1,22.06.2018 00:13,S16
1,21.06.2018 06:42,S21
1,21.06.2018 06:44,S21
1,21.06.2018 07:12,S21
1,21.06.2018 07:14,S21
1,21.06.2018 07:42,S21
1,21.06.2018 07:44,S21
1,21.06.2018 08:14,S21
1,21.06.2018 16:42,S21
1,21.06.2018 17:12,S21
1,21.06.2018 17:14,S21
1,21.06.2018 17:42,S21
1,21.06.2018 17:44,S21
1,21.06.2018 18:12,S21
1,21.06.2018 18:14,S21
1,21.06.2018 18:42,S21
1,21.06.2018 18:44,S21
1,21.06.2018 06:19,S9
